depth_cm,Fm,Fm_sd,age_BP,age_sd,source_row,lab_id
0.5,0.8673618291382721,0.003500627280628153,1145,35,38,UCIT47500
2,0.8691828961468738,0.003317414601647041,1125,35,41,UCIT47501
3.5,0.8577581090528671,0.00402984834475536,1235,40,44,UCIT47502
5.5,0.84718193063752,0.002435913219848068,1330,25,48,UCIT47503
8.5,0.8450107801630563,0.002635886869382279,1355,30,51,UCIT47504
10.5,0.837958778322962,0.0020982126433917534,1420,25,55,UCIT47505
12.5,0.8296526995323121,0.0022459935878933416,1500,25,57,UCIT47506
14.5,0.8213406837283385,0.0019944931765129275,1580,20,59,UCIT47507
18.5,0.797646480575718,0.0018810397720039193,1815,20,63,UCIT47508
22.5,0.783465633452456,0.00171512108125844,1960,20,67,UCIT47509
26.5,0.7650113605340777,0.0023253762888934605,2150,25,70,UCIT47510
29.5,0.7523625035424436,0.0017415550965029232,2285,20,74,UCIT47511
38.5,0.7036836705468026,0.0016436838852508986,2825,20,78,UCIT47514
44.5,0.6859832431755083,0.0018972339007451218,3030,25,80,UCIT47516
59.5,0.6138048872197388,0.0019045748177411012,3920,25,83,UCIT47520
68.5,0.5960734542765209,0.0018588619090536846,4155,30,86,UCIT47523
78.5,0.584244309023197,0.0016235789061611464,4315,25,90,UCIT47526
