depth_m,CH4_mM
0.0050000000000000001,0.63754028399999996
0.02,0.81508082199999998
0.035000000000000003,0.79286313799999997
0.055,1.1733024750000001
0.085000000000000006,1.0502790879999999
0.105,1.5584077919999999
0.125,1.7997019190000001
0.14499999999999999,1.918612918
0.185,2.4143950030000001
0.22500000000000001,2.21379298
0.26500000000000001,2.4084803990000001
0.29499999999999998,2.603124389
0.32500000000000001,2.7046463030000001
0.35499999999999998,2.898397637
0.38500000000000001,2.7956847690000002
0.41499999999999998,2.5086833350000002
0.44500000000000001,2.9709888040000001
0.46500000000000002,2.446903174
0.505,2.9953531710000001
0.55500000000000005,2.5998974420000001
0.59499999999999997,2.7881425169999998
0.625,2.4541602920000001
0.66500000000000004,2.7790541289999999
0.68500000000000005,2.8124577789999998
0.70499999999999996,2.6670793060000002
0.745,2.7437315390000001
0.78500000000000003,2.8883070700000002
