depth_m,age_BP,source_Fm
0,-72,1.0090033157207514
0.01,-58,1.0072463452173088
0.02,-44,1.0054924341144666
0.029999999999999999,-30,1.0037415770849119
0.040000000000000001,-15,1.0018690418836744
0.050000000000000003,-1,1.0001244942419805
0.059999999999999998,12,0.99850727730188904
0.070000000000000007,26,0.99676858347763819
0.080000000000000002,40,0.99503291722893261
0.089999999999999997,53,0.99342393344845747
0.10000000000000001,67,0.99169409121574281
0.11,75,0.99070696267594638
0.12,84,0.98959761751489894
0.13,92,0.98861257579707851
0.14000000000000001,100,0.98762851458605072
0.14999999999999999,109,0.98652261652048223
0.16,124,0.98468220423865138
0.17000000000000001,138,0.9829675839186216
0.17999999999999999,152,0.9812559492551105
0.19,166,0.97954729504921501
0.20000000000000001,181,0.97771989561381101
0.20999999999999999,243,0.97020274112900429
0.22,307,0.96250371468259766
0.23000000000000001,369,0.95510354910559747
0.23999999999999999,428,0.94811429552354143
0.25,486,0.9412933588942336
0.26000000000000001,521,0.93720103971453816
0.27000000000000002,554,0.93335886431172277
0.28000000000000003,585,0.92976389767764245
0.28999999999999998,618,0.92595221178880582
0.29999999999999999,648,0.92250060466557193
0.31,678,0.91906186385615152
0.32000000000000001,706,0.91586393839587144
0.33000000000000002,737,0.91233635599880647
0.34000000000000002,764,0.90927501771999775
0.34999999999999998,791,0.90622395174043002
0.35999999999999999,824,0.90250877086751946
0.37,858,0.89869693825916486
0.38,892,0.89490120529250139
0.39000000000000001,924,0.89134339677277064
0.40000000000000002,958,0.8875787221959307
0.40999999999999998,1005,0.88240078124314003
0.41999999999999998,1052,0.87725304727012487
0.42999999999999999,1096,0.87246111209451149
0.44,1136,0.86812752553620065
0.45000000000000001,1176,0.8638154642610204
0.46000000000000002,1228,0.85824178914068738
0.46999999999999997,1279,0.85281023429926139
0.47999999999999998,1333,0.84709663878874264
0.48999999999999999,1381,0.84205003111331644
0.5,1427,0.83724191345098897
0.51000000000000001,1483,0.83142559315150477
0.52000000000000002,1538,0.82575246746509778
0.53000000000000003,1591,0.82032226428394672
0.54000000000000004,1645,0.81482632929409227
0.55000000000000004,1695,0.80977033707031243
0.56000000000000005,1747,0.80454538224182515
0.56999999999999995,1799,0.79935414086480683
0.57999999999999996,1853,0.79399868657161055
0.58999999999999997,1907,0.78867911235861932
0.59999999999999998,1956,0.78388294021537863
0.60999999999999999,2002,0.77940695746995492
0.62,2049,0.77486006703302657
0.63,2103,0.76966871634066769
0.64000000000000001,2159,0.76432182710016372
0.65000000000000002,2211,0.75939012382800697
0.66000000000000003,2262,0.75458417152435731
0.67000000000000004,2310,0.7500887100889122
0.68000000000000005,2358,0.74562003052125636
0.68999999999999995,2409,0.74090122500760636
0.69999999999999996,2459,0.7363039375887368
0.70999999999999996,2493,0.73319408708139733
0.71999999999999997,2526,0.73018826424563532
0.72999999999999998,2557,0.72737583855715615
0.73999999999999999,2592,0.72421353631965679
0.75,2625,0.72124453039913317
0.76000000000000001,2644,0.71954062742163605
0.77000000000000002,2663,0.71784074982697965
0.78000000000000003,2680,0.71632321103478891
0.79000000000000004,2699,0.71463093442028613
0.80000000000000004,2717,0.71303141297744133
0.81000000000000005,2734,0.71152404128043933
0.81999999999999995,2753,0.70984310245678173
0.82999999999999996,2772,0.70816613476433687
0.83999999999999997,2791,0.70649312882151216
0.84999999999999998,2808,0.70499957927077783
0.85999999999999999,2826,0.70342161519180202
0.87,2842,0.70202194573203947
0.88,2863,0.70018910524278088
0.89000000000000001,2881,0.69862190819891012
0.90000000000000002,2899,0.69705821893108999
0.91000000000000003,2917,0.69549802958804685
0.92000000000000004,2937,0.69376858119623663
0.93000000000000005,2954,0.69230193175480803
0.93999999999999995,2975,0.69049446830010219
0.94999999999999996,2994,0.68886321075721213
0.95999999999999996,3011,0.68740693142911724
0.96999999999999997,3031,0.68569760262946056
0.97999999999999998,3050,0.68407767743413683
0.98999999999999999,3068,0.68254654176546481
1,3085,0.6811036160819417
1.01,3104,0.67949454394272724
1.02,3121,0.67805807028228982
1.03,3138,0.67662463337409062
1.04,3156,0.67511017946828988
1.05,3174,0.67359911528630301
1.0600000000000001,3194,0.67192412145871927
1.0700000000000001,3212,0.67042018846551665
1.0800000000000001,3230,0.66891962164771368
1.0900000000000001,3247,0.66750550371841988
1.1000000000000001,3265,0.66601146068866979
1.1100000000000001,3286,0.66427263645549339
1.1200000000000001,3306,0.6626208341584805
1.1299999999999999,3324,0.66113772423185535
1.1399999999999999,3343,0.65957582048163776
1.1499999999999999,3362,0.65801760664841558
1.1599999999999999,3381,0.65646307401495019
1.1699999999999999,3402,0.65474917873137328
1.1799999999999999,3422,0.65312105777915896
1.1899999999999999,3440,0.65165921071044974
1.2,3459,0.65011969945921222
1.21,3479,0.6485030903231952
1.22,3497,0.6470515794120919
1.23,3516,0.64552295345198318
1.24,3534,0.64407811282703531
1.25,3552,0.64263650611409673
1.26,3569,0.6412779515495346
1.27,3587,0.63984261229269279
1.28,3606,0.63833101714532747
1.29,3628,0.6365852098838185
1.3,3646,0.635160374147827
1.3100000000000001,3665,0.63365984054641478
1.3200000000000001,3685,0.63208416103969234
1.3300000000000001,3704,0.63059089483297559
1.3400000000000001,3724,0.62902284666811592
1.3500000000000001,3744,0.6274586976636588
1.3600000000000001,3763,0.62597635887543401
1.3700000000000001,3782,0.62449752203608855
1.3799999999999999,3802,0.62294462585345733
1.3899999999999999,3820,0.62155032113088637
1.3999999999999999,3839,0.6200819405772714
1.4099999999999999,3857,0.61869404325502819
1.4199999999999999,3876,0.61723241051047395
1.4299999999999999,3894,0.61585089114393388
1.4399999999999999,3913,0.61439597519949862
1.45,3932,0.61294449641888948
1.46,3949,0.61164871173266255
1.47,3969,0.61012776582648165
1.48,3989,0.60861060195466965
1.49,4008,0.60717279081975128
1.5,4027,0.6057383764394294
1.51,4043,0.60453307724503769
1.52,4060,0.60325507457368899
1.53,4077,0.60197977364173128
1.54,4095,0.60063239346306618
1.55,4115,0.59913884109806659
1.5600000000000001,4139,0.59735147981699233
1.5700000000000001,4166,0.59534707109312335
1.5800000000000001,4190,0.59357102148545204
1.5900000000000001,4213,0.59187394594551912
1.6000000000000001,4234,0.59032868010410022
1.6100000000000001,4270,0.58768903322856703
1.6200000000000001,4304,0.58520687206543531
1.6299999999999999,4336,0.5828802979330886
1.6399999999999999,4366,0.58070753592364122
1.6499999999999999,4393,0.5787589758374112
1.6599999999999999,4429,0.57617106274129215
1.6699999999999999,4463,0.57373754883445627
1.6799999999999999,4499,0.57117208898268357
1.6899999999999999,4532,0.56883049602869751
1.7,4561,0.56678065862563121
1.71,4598,0.56417606974415291
1.72,4638,0.56137376050827825
1.73,4672,0.55900274443081321
1.74,4706,0.55664174256782539
1.75,4738,0.55442873321837627
1.76,4776,0.55181220904213324
1.77,4815,0.54913966834253181
1.78,4854,0.54648007131049325
1.79,4892,0.54390105937848421
1.8,4926,0.54160384093498404
1.8100000000000001,4958,0.53945061692746066
1.8200000000000001,4994,0.53703847063765819
1.8300000000000001,5032,0.53450401659910363
1.8400000000000001,5068,0.53211398896716311
1.8500000000000001,5102,0.52986655434937324
1.8600000000000001,5138,0.52749726306846978
1.8700000000000001,5175,0.52507319745245185
1.8799999999999999,5210,0.52279041589835396
1.8899999999999999,5244,0.5205823602882782
1.8999999999999999,5276,0.51851271020209933
1.9099999999999999,5314,0.51606568507398665
1.9199999999999999,5351,0.51369415223319492
1.9299999999999999,5388,0.51133351755552026
1.9399999999999999,5424,0.50904709650321289
1.95,5458,0.50689708712460702
1.96,5495,0.50456768774040794
1.97,5530,0.50237405489844222
1.98,5566,0.50012769596475837
1.99,5600,0.49801535853230638
2,5631,0.49609718036350153
2.0099999999999998,5668,0.49381741096692278
2.02,5704,0.4916093129532656
2.0299999999999998,5739,0.48947201728310497
2.04,5777,0.48716204435045896
2.0499999999999998,5814,0.48492333555741329
2.0600000000000001,5851,0.48269491454667363
2.0699999999999998,5885,0.48065620614344412
2.0800000000000001,5921,0.47850695828286505
2.0899999999999999,5954,0.47654525787144592
2.1000000000000001,5986,0.47465068362295315
2.1099999999999999,6025,0.47235185215585318
2.1200000000000001,6059,0.47035682867155654
2.1299999999999999,6094,0.46831192922221326
2.1400000000000001,6133,0.46604379765417892
2.1499999999999999,6167,0.46407541684485776
2.1600000000000001,6201,0.4621153496812283
2.1699999999999999,6237,0.46004900701478885
2.1800000000000002,6272,0.45804892132713659
2.1899999999999999,6308,0.45600076164123193
2.2000000000000002,6339,0.45424440876786598
2.21,6374,0.45226955885661846
2.2200000000000002,6409,0.4503032947025023
2.23,6445,0.4482897694834766
2.2400000000000002,6478,0.44645194829820789
2.25,6517,0.44428968914066863
2.2599999999999998,6549,0.44252335154730649
2.27,6588,0.44038011939666755
2.2799999999999998,6621,0.43857472483249782
2.29,6654,0.43677673171400833
2.2999999999999998,6684,0.43514858972217213
2.3100000000000001,6724,0.43298717065930892
2.3199999999999998,6763,0.43089012420576822
2.3300000000000001,6797,0.42907021831777697
2.3399999999999999,6832,0.4272048144378211
2.3500000000000001,6867,0.42534752049299202
2.3599999999999999,6900,0.42360375398865213
2.3700000000000001,6938,0.42160463417928606
2.3799999999999999,6975,0.41966718849222634
2.3900000000000001,7008,0.41794670923466526
2.3999999999999999,7046,0.41597428680492265
2.4100000000000001,7078,0.4143205211681899
2.4199999999999999,7109,0.41272470576816928
2.4300000000000002,7144,0.41093036480805312
2.4399999999999999,7176,0.40929665200904941
2.4500000000000002,7210,0.40756794822801162
2.46,7246,0.40574551354481475
2.4700000000000002,7282,0.40393122785416974
2.48,7318,0.40212505471796445
2.4900000000000002,7353,0.40037679626218231
2.5,7391,0.39848729179702663
2.5099999999999998,7426,0.39675484869448363
2.52,7463,0.39493159793273735
2.5299999999999998,7501,0.39306779107706658
2.54,7540,0.39116408243825374
2.5499999999999998,7574,0.38951196330901577
2.5600000000000001,7613,0.38762547627979249
2.5699999999999998,7647,0.38598830279405233
2.5800000000000001,7685,0.38416670217074939
2.5899999999999999,7722,0.38240129908953907
2.6000000000000001,7761,0.38054925047834348
2.6099999999999999,7792,0.37908351001087304
2.6200000000000001,7829,0.37734146627614107
2.6299999999999999,7863,0.37574772829589609
2.6400000000000001,7897,0.37416072162131642
2.6499999999999999,7929,0.37267319183002751
2.6600000000000001,7964,0.37105297679687788
2.6699999999999999,7997,0.36953179771130551
2.6800000000000002,8031,0.36797104461747593
2.6899999999999999,8069,0.36623447312196544
2.7000000000000002,8104,0.36464225073511747
2.71,8141,0.3629665704917498
2.7200000000000002,8176,0.36138855547233378
2.73,8212,0.35977261133230354
2.7400000000000002,8247,0.35820848220744295
2.75,8281,0.35669555422586219
2.7599999999999998,8316,0.35514480275813132
2.77,8350,0.35364481452140772
2.7799999999999998,8387,0.3520196719942642
2.79,8424,0.35040199766154945
2.7999999999999998,8456,0.34900892409629097
2.8100000000000001,8487,0.34766466575676402
2.8199999999999998,8520,0.34623937004048355
2.8300000000000001,8550,0.34494871782240955
2.8399999999999999,8587,0.34336353741540865
2.8500000000000001,8621,0.34191330848612966
2.8599999999999999,8656,0.34042682355888598
2.8700000000000001,8692,0.33890460952551654
2.8799999999999999,8728,0.33738920205203904
2.8900000000000001,8763,0.33592238590005674
2.8999999999999999,8796,0.334545229160289
2.9100000000000001,8837,0.33284207839413527
2.9199999999999999,8875,0.33127129157734486
2.9300000000000002,8917,0.32954378193819966
2.9399999999999999,8956,0.32794773321890941
2.9500000000000002,8992,0.32648131927273821
2.96,9036,0.32469793724531504
2.9700000000000002,9077,0.32304491848317052
2.98,9116,0.32148034510422274
2.9900000000000002,9153,0.32000301146601662
3,9190,0.31853246677995584
3.0099999999999998,9232,0.31687138741469312
3.02,9271,0.31533671372402766
3.0299999999999998,9314,0.31365325151046197
3.04,9358,0.31193994193173136
3.0499999999999998,9392,0.31062243358069269
3.0600000000000001,9432,0.30907954624254702
3.0699999999999998,9470,0.30762090231471273
3.0800000000000001,9510,0.30609292383080511
3.0899999999999999,9550,0.30457253494249953
3.1000000000000001,9592,0.3029842536657647
3.1099999999999999,9627,0.30166701471925961
3.1200000000000001,9671,0.30001917914473075
3.1299999999999999,9709,0.29860329394878882
3.1400000000000001,9749,0.29712010667203181
3.1499999999999999,9792,0.29553389596232438
3.1600000000000001,9829,0.2941757968673589
3.1699999999999999,9867,0.29278748843662356
3.1800000000000002,9905,0.29140573187153918
3.1899999999999999,9949,0.28981394785747849
3.2000000000000002,9987,0.2884462243688713
3.21,10027,0.28701348809742921
3.2200000000000002,10067,0.28558786834563654
3.23,10107,0.28416932976515114
3.2400000000000002,10148,0.28272263984247098
3.25,10188,0.28131833308911874
3.2599999999999998,10228,0.27992100164364642
3.27,10267,0.2785652863163896
3.2799999999999998,10307,0.27718162948211
3.29,10349,0.27573618597734889
3.2999999999999998,10392,0.27426413584869858
3.3100000000000001,10431,0.27293581789290522
3.3199999999999998,10469,0.27164774762653582
3.3300000000000001,10511,0.27023116214385651
3.3399999999999999,10549,0.26895585600158783
3.3500000000000001,10585,0.26775322345318142
3.3599999999999999,10623,0.26648961148566042
3.3700000000000001,10665,0.26509992459072451
3.3799999999999999,10702,0.26388168203858087
3.3900000000000001,10744,0.26250559494348458
3.3999999999999999,10787,0.26110417788450008
3.4100000000000001,10823,0.25993665401081678
3.4199999999999999,10864,0.25861333126446895
3.4300000000000002,10905,0.25729674547908438
3.4399999999999999,10944,0.256050604105443
3.4500000000000002,10985,0.25474706501851324
3.46,11023,0.25354483321754101
3.4700000000000002,11062,0.2523168631312615
3.48,11101,0.25109484035817969
3.4900000000000002,11142,0.24981653078309862
3.5,11181,0.24860661763690348
3.5099999999999998,11215,0.24755660367321625
3.52,11254,0.24635763582159834
3.5299999999999998,11291,0.24522552175002058
3.54,11329,0.24406822511684265
3.5499999999999998,11373,0.24273501901761457
3.5600000000000001,11408,0.2416797165823818
3.5699999999999998,11445,0.24056909946249683
3.5800000000000001,11481,0.2394933979200374
3.5899999999999999,11518,0.23839282782838578
3.6000000000000001,11558,0.23720871092053336
3.6099999999999999,11600,0.23597171772183734
3.6200000000000001,11647,0.23459511011471793
3.6299999999999999,11689,0.23337174629079635
3.6400000000000001,11734,0.23206807784106487
3.6499999999999999,11775,0.23088663243361751
3.6600000000000001,11824,0.22948254803811091
3.6699999999999999,11868,0.22822901520906549
3.6800000000000002,11917,0.226841092506572
3.6899999999999999,11958,0.22568625738467396
3.7000000000000002,12002,0.22445346153542667
3.71,12055,0.22297744063464559
3.7200000000000002,12106,0.22156628329817926
3.73,12153,0.22027371385801867
3.7400000000000002,12202,0.21893416950628036
3.75,12250,0.21762986158006389
3.7599999999999998,12303,0.21619871312671043
3.77,12352,0.21488394996251076
3.7799999999999998,12395,0.21373676666821087
3.79,12446,0.21238409078540421
3.7999999999999998,12493,0.21114508825650377
3.8100000000000001,12546,0.20975658410409767
3.8199999999999998,12599,0.2083772108474049
3.8300000000000001,12653,0.20698114048085911
3.8399999999999999,12700,0.20577365758728591
3.8500000000000001,12745,0.20462415843219914
3.8599999999999999,12796,0.20332915351345943
3.8700000000000001,12852,0.20191662570750832
3.8799999999999999,12903,0.20063875595121961
3.8900000000000001,12949,0.19949310579910096
3.8999999999999999,12999,0.19825525233836194
3.9100000000000001,13054,0.19690248310228081
3.9199999999999999,13106,0.19563199129401265
3.9300000000000002,13158,0.19436969719564354
3.9399999999999999,13203,0.19328390319596167
3.9500000000000002,13251,0.19213240762303643
3.96,13304,0.1908689321237993
3.9700000000000002,13356,0.18963737114551435
3.98,13405,0.1884841347245757
3.9900000000000002,13449,0.18745455294307906
4,13501,0.18624502287426303
