depth_m,porosity_fraction
0,0.98249016
0.01,0.97135717029999991
0.02,0.96503428999999996
0.040000000000000001,0.96258290999999996
0.059999999999999998,0.96070462999999995
0.10000000000000001,0.96452856809999998
0.14000000000000001,0.96640758790000003
0.25,0.96699375560000012
0.35999999999999999,0.94563185699999996
0.40000000000000002,0.94969669219999997
0.45000000000000001,0.94329423209999996
0.5,0.93650291210000003
0.65000000000000002,0.92399743570000004
0.69999999999999996,0.92292609349999988
0.72999999999999998,0.91496263690000001
0.81999999999999995,0.91342409499999999
0.85999999999999999,0.9111051160000001
0.90000000000000002,0.91357742300000011
0.93999999999999995,0.90980800700000009
1.02,0.90509428000000014
1.0600000000000001,0.90216491200000004
1.1000000000000001,0.9030304910000001
1.1399999999999999,0.90522074299999999
1.22,0.90903888700000013
1.26,0.90209264700000003
1.3,0.9051183570000001
1.3400000000000001,0.91114470800000003
1.4199999999999999,0.90256903899999996
1.46,0.89735722800000006
1.5,0.90835686300000007
1.5800000000000001,0.90280563200000008
1.6259999999999999,0.90208945400000007
1.6659999999999999,0.90493700099999996
1.726,0.92027227500000008
1.776,0.91749168199999998
1.8259999999999998,0.91587484799999996
1.8659999999999999,0.89952839800000006
1.9259999999999999,0.90975642599999995
1.976,0.91505792200000002
2.0259999999999998,0.90685485900000007
2.0659999999999998,0.90518721300000005
2.1259999999999999,0.91152470100000005
2.1859999999999999,0.90752047499999999
2.226,0.802831831
2.266,0.90916651400000004
2.3260000000000001,0.91139314100000002
2.3759999999999999,0.89636961600000009
2.4260000000000002,0.90905347000000003
2.4659999999999997,0.90325518299999996
2.516,0.90553470200000008
2.5660000000000003,0.90736678000000015
2.6260000000000003,0.915726963
2.6660000000000004,0.90945567699999996
2.7160000000000002,0.90750227200000011
2.766,0.90741114700000014
2.8260000000000001,0.91525376699999994
2.8660000000000001,0.87339791900000008
2.9160000000000004,0.81166269700000016
2.9660000000000002,0.77714024599999998
3.0060000000000002,0.75211351400000015
3.056,0.74607185200000004
3.1060000000000003,0.76006067900000007
3.1560000000000001,0.83151988200000004
3.2060000000000004,0.83505110900000001
3.2560000000000002,0.86854544400000011
3.306,0.84091166500000014
3.3560000000000003,0.82032052799999999
3.4060000000000001,0.82305770300000003
3.4560000000000004,0.8143465740000001
3.5060000000000002,0.78599851300000012
3.556,0.7695917590000001
3.6060000000000003,0.72820723499999995
3.6739999999999999,0.13106723899999997
3.734,0.090152397000000009
3.7739999999999996,0.08995423000000001
3.8239999999999998,0.078630441000000009
3.8739999999999997,0.090539701000000014
3.9139999999999997,0.088293488999999989
3.9739999999999998,0.075189755999999996
4.0339999999999998,0.083747839000000004
4.0739999999999998,0.10158265700000001
4.1239999999999997,0.083810257999999999
4.194,0.093990006999999987
4.234,0.091039762000000024
4.274,0.08393693200000002
4.3239999999999998,0.078698410999999996
4.3739999999999997,0.081558565999999999
4.4340000000000002,0.10185176600000002
4.4740000000000002,0.080116998000000009
4.5339999999999998,0.111071301
4.5839999999999996,0.090497572000000026
4.6339999999999995,0.12057809999999999
4.6739999999999995,0.08471229000000001
4.7039999999999997,0.092068833999999988
